comment,id,date,num_likes
ğŸ”¥ğŸ”¥ğŸ”¥,Gaby Cruz,2019-11-15T07:04:00Z,0
Itâ€™s not Halloween/Spooky season with Nicoleâ€™s Halloween videos!!,Christine Marie,2019-10-28T01:44:54Z,0
"As an actual showgirl/burlesque dancer, I fully approve! ;)",Traci Diane,2019-10-21T01:43:01Z,0
This is beautiful and so well done ! Thank you for going the extra mile for each lmk and to edit and put it all together for us is amazing !,Amaniâ€™s Couch,2019-10-21T01:01:27Z,0
I SAID YOUTUBE DO YOU KNOW HER ğŸ—£ WHERE TF IS NICOLE OSCAR ! The most unproblematic humble lowkey artistic talented ass YouTuber out here that has not let the money go to her head !!!,Amaniâ€™s Couch,2019-10-21T01:00:52Z,0
Next time you do a look like this can you zoom in on your eyes so we can see the detail you do. Because I love just watching your Halloween looks ever since I started watching you four to six years ago,ocean johnson,2019-10-20T04:47:15Z,0
Nicole youâ€™re queen!,Carmen Chavez,2019-10-19T03:31:41Z,0
Dope look and cool mÃºsica.,andradekim2,2019-10-19T01:49:17Z,0
I just wish you did brown hair instead of the white! It doesnâ€™t separate itself from the headpiece,Hovie Hov,2019-10-18T01:51:06Z,0
Your thumb nail looks like Patrick Starr,Lori Alise,2019-10-18T00:04:28Z,1
Best Halloween makeup ever ğŸ¤©ğŸ¥°â¤ï¸ğŸ™ŒğŸ½,Jackie C,2019-10-17T05:41:57Z,0
GREAT JOBâ€¼ï¸ğŸ‘ğŸ‘ğŸ‘ğŸ‘ğŸ‘ğŸ‘ğŸ‘ğŸ‘ğŸ‘ğŸ‘ğŸ‘LOVED ITâ€¼ï¸â™¥ï¸â™¥ï¸â™¥ï¸â™¥ï¸â™¥ï¸â™¥ï¸â™¥ï¸ğŸ‘ğŸ‘ğŸ‘ğŸ‘ğŸ‘ğŸ‘ğŸ‘ğŸ™ŒğŸ™ŒğŸ™ŒğŸ™Œâ™¥â™¥â™¥â™¥â™¥â™¥â™¥,Meredith MOHLER,2019-10-17T04:19:25Z,0
Honeyyyy its October 16!! We need more looksğŸ˜£,Maribel Carrasco,2019-10-16T11:10:39Z,0
looks like Trisha Paytas! haha,tigerlilyxoxox,2019-10-16T05:48:59Z,0
So glad youâ€™re still doing your traditional Halloween make up tutorials for the season. Love them! <br />Thank you Nicole ğŸ˜Š,Abigail Doria,2019-10-16T01:21:16Z,0
ICONIC,Gaby Mercado,2019-10-15T21:40:56Z,0
So excited! Look at you pumping out the epic halloween tuts!! :)<br /><br /><br />xx,fashion chalet,2019-10-15T17:03:28Z,1
So dope!,Angela Clarke,2019-10-15T02:34:07Z,0
Love this intro! So sassy â™¥ï¸â™¥ï¸â™¥ï¸,Kiara Cooper,2019-10-14T18:11:26Z,0
Yesssssssss,ArPri Gibbs-Cook,2019-10-14T17:37:20Z,0
So bomb. I love u always. ğŸ˜˜,Yesenia Mendoza,2019-10-14T15:55:56Z,0
This one is so sick!!!! I LOVE THE EYES HELLA GLAM,Paty G.,2019-10-14T07:47:36Z,0
Your doing an amazing job on all your halloween looks ! I wish I was as creative as you lol,Jazmin Caro,2019-10-14T06:19:46Z,0
The cheap paintbrush used to cut the cheek contour killed me ğŸ˜‚,Kaycee H,2019-10-14T05:11:41Z,0
Yaaassss,Rachel Silverson,2019-10-14T03:25:58Z,0
That full beat looks super fun!!!  I love full glam!,Norelie Philips,2019-10-14T03:25:27Z,0
I looooove those nailsğŸ¥°,Yadira Garcia,2019-10-14T01:42:41Z,0
YASSSSSSSSS GURLLLL,Desiree Alba,2019-10-14T01:21:41Z,0
The whole intro is vibeeeeeeeee,yourstrulyfanie,2019-10-14T01:20:38Z,0
The last few years Iâ€™ve commented the same thing but never get acknowledged lol Iâ€™m not stopping til I know Youâ€™ve read it! Halloween isnâ€™t year around but I know you donâ€™t get tired of the videos and nether so we! Could you do a horoscope sign every month? Gives us a chance to see ur interpretations of the signs and keeps the creativeness for Halloween we all love going through the year .... Iâ€™m sure a lot of people would enjoy a horoscope series?,Jessica Gutierrez,2019-10-14T01:05:04Z,0
love you nic! you always kill the halloween looks &lt;3 keep it up!! &lt;333,Ashley,2019-10-14T00:48:14Z,0
Love this,nadja kalliokoski,2019-10-13T20:17:52Z,0
"DAMN this intro mama, you never disappoint!",Krystal,2019-10-13T19:58:23Z,0
Okaaaaaay this is beautiful as usual but hello! Congratulations! ğŸ’˜,Jasmine Rodriguez,2019-10-13T19:48:14Z,0
Your intros for these halloween videos are really all I want to see ğŸ˜„,Annika Gabro,2019-10-13T18:41:14Z,0
That lippy tho...thats something id wear all yr long ğŸ’„ğŸ’‹ n ps i love nicoles little giggle...its so innocent n cuteğŸ¤—,Leelee Cee,2019-10-13T15:28:08Z,0
"Fun and creative, ğŸ˜ love it",angel smith,2019-10-13T14:18:41Z,0
Congratulations Nicole! or I should say Mrs. Keating! â¤ï¸,Nicole Tsai,2019-10-13T13:25:34Z,0
Am I the only one who is SHOCKED that they finally got engaged? I never thought I&#39;d see the day. Jeremy didn&#39;t strike me as the type of guy to propose no offense. But I&#39;m VERY happy for her. I know they&#39;ve been together since like high school and she&#39;s in her 30&#39;s now so that&#39;s a long ass time haha. And I know she said for years how she didn&#39;t care about marriage and just enjoyed being his girlfriend but I have a feeling she&#39;s been really wishing :),Mariah Mclean,2019-10-13T05:33:00Z,0
Congratsssssss on your engagement!!!ğŸ˜«ğŸ™ŒğŸ¾ğŸ˜ğŸ”¥â¤ï¸,Chels VonD,2019-10-13T05:18:54Z,0
OMG!! What can&#39;t you do? I absolutely love all your Halloween Looks please post more!!! You are truly talented ğŸ˜ğŸ˜ğŸ‰ by the way CONGRATULATIONS ON YOUR ENGAGEMENT ğŸ˜˜ğŸ˜â¤,Kathy Soto,2019-10-13T04:46:42Z,0
Congratulations on your engagement Nicole and Jeremy!!!!,Sarah Walker,2019-10-13T03:44:01Z,0
Congrats on your ENGAGEMENT!!!! ğŸ’,1983viviana,2019-10-13T03:41:02Z,0
The Queen of Halloween makeup! ğŸ™ŒğŸ¼,Nilda,2019-10-13T03:40:59Z,0
your MINDğŸ¤ªğŸ§¡ğŸ¥µğŸ¥°,Emily Horsley,2019-10-13T03:28:25Z,0
Your teeth are so white!!!!! So pretty! What do you use to whiten?!,samantha willard,2019-10-13T03:01:40Z,0
Nicole girl!!!!!! Congradulations to you and Beebs!! I&#39;m so happy for you guys!!!!!!  OMG!!!! You are glowing!!!!!! You guys give me hope. You guys are the best! YEAH!!!!!!!! You both deserve all the happiness!!!!,Becky Quick,2019-10-13T02:07:14Z,0
I love this!!!,Barbara Reaves,2019-10-13T01:32:42Z,0
CONGRATULATIONS ON YOUR ENGAGEMENT NICOLE â¤ï¸ğŸ˜­ğŸ˜­ğŸ˜­ you and beebs gonna tie the knot. Omggâ¤ï¸ğŸ¥°ğŸ¥°ğŸ¥°ğŸ¥°ğŸ¥°ğŸğŸğŸ,Lulu Escovar,2019-10-13T01:25:13Z,0
But like is anyone else shocked she didn&#39;t add at least a LITTLE blood at the very end??!!!,Sara Dorheim-Davis,2019-10-12T23:57:03Z,0
Your videos deserve so many more views! I know Youtube has been playing you for a while now but you&#39;re amazing &amp; deserve so many more views!,Nikki190889,2019-10-12T21:33:36Z,0
Your smile makes me smile. ğŸ¤— thank you so much for coming through with the mix of creative looks that you do. Youâ€™re amazing ğŸ˜ğŸ˜˜,gabdiesel05,2019-10-12T15:44:40Z,0
You are Sikkkkkkk !!! Just bless us with costumes all the time and weâ€™ll be happy,Kinga Strzelec,2019-10-12T13:22:06Z,0
Those cheek bones are giving me Cher vibes!! ğŸ§¡,Montana May,2019-10-12T11:52:32Z,0
when your 2015 videos come to for shine you in 2019,life like lorenz,2019-10-12T08:30:30Z,0
Loving this look! My favorite so far.,Lydia Roberts,2019-10-12T06:56:44Z,0
Where did u get the vintage show girl picture ?,Kura Mccray,2019-10-12T06:10:11Z,0
"OMG NICOLE PLEASE DO ERICA JANE FROM REAL HOUSE WIVES! ESPECIALLY SINC EYOU ALWAYS WATCH BRAVO SHOWS! YOU SHOULD DO SOME OF FOUR FAVORITES! LISA RINNA WOULD BE CUTE TOO! YOU ARE SO STUNNING, YOU AND WRICAN JANE WILL LOOK SO ALIKE WITH BLONDE HAIR!!! COULD YOU IMAGINE!?!? PAT THE PUSS! LOL ğŸ˜‚ XOXO LOVE YOU! PLEASE RESPOND, IT WOULD MAKE MY WHOLE LIFE. 143. 143. 143. 143. â€”Jessica ig is jesswithfinesse",Jessica Vasquez,2019-10-12T05:15:36Z,0
Affordable seats girl. Not everyone can afford the ones all the way to the front. But we would still like to enjoy the show in person. ğŸ˜,Leslie Hernandez,2019-10-12T04:20:10Z,0
love this Nicole!! You&#39;re looks are always so good! I get a lot of inspiration for my halloween makeup  looks from you!!!,Cynthia Linley,2019-10-12T02:00:11Z,0
Love love this look â™¥ï¸â™¥ï¸,mica Colin,2019-10-12T01:36:55Z,0
You killed it!,Tracy. AngeliKa,2019-10-11T22:50:19Z,0
I love! So here for these Halloween looks!  Killed it again!! â¤ï¸â¤ï¸,vanessa echeverria,2019-10-11T22:24:22Z,0
Girl your makeup visions are on point!ğŸ˜»ğŸ˜»ğŸ˜»ğŸ˜»,Christin Leigh,2019-10-11T21:46:05Z,0
You NEVER disappoint.  Such an artist,Asusena Ramirez,2019-10-11T21:12:49Z,0
"Hopefully this doesn&#39;t come off weird, but you have the most perfect lip shape I have ever seen",Caitlin Handshoe,2019-10-11T20:08:59Z,6
Youâ€™re so talented Nicole! Making those lower lashes look all easy.... looks fabulous girl! Luv you ğŸ’œ,Jennifer Ortiz,2019-10-11T17:26:19Z,0
Video was excellent! Loved this so much â¤ï¸,Aimee Salgado,2019-10-11T17:15:27Z,0
I loooooove this look! ğŸ˜,Adrienne Lucky,2019-10-11T16:41:56Z,0
You are so autÃ©ntico and love it ! You make me want to recreate them all,Ashley Muniz,2019-10-11T16:31:49Z,0
ğŸ¥°ğŸ˜­,Nidah I,2019-10-11T15:28:11Z,0
you&#39;re so good at creating Halloween looks!!!  ğŸ‘ğŸ‘ğŸ‘ğŸ’–ğŸ’–ğŸ’–ğŸ’–ğŸ’–,Ummay Khan,2019-10-11T14:38:52Z,0
This is so prettyâœ¨,AmberrLynn13,2019-10-11T13:28:57Z,0
Your so freakin talented! I love it! ğŸ˜,Krystal Gonzalez,2019-10-11T12:32:47Z,0
"Before you put the costume on, you looked SO different with just the makeup and wig. This is such a cute idea for parties!",Rebecca Wheeler,2019-10-11T10:33:36Z,0
I like the drag makeup,Chloe Louise,2019-10-11T10:04:31Z,0
I love this! Thank you,Kelley M,2019-10-11T08:44:24Z,0
"LOVE this makeup look!! Gorgeous, as always!!! Love all you Halloween looks!! Thank you so much for taking the time to make this video and all the others!!! Sending lots of love, light and good vibes your way!! ğŸ¤œğŸ¤›ğŸ–¤ğŸ‘»ğŸ–¤ğŸ¦‡âœ¨ğŸŒ˜ğŸŒ•ğŸŒ’âœ¨ğŸ–¤ğŸƒğŸ–¤â˜ ï¸ğŸ–¤ğŸ•¸ï¸ğŸ–¤ğŸ¦‡ğŸ–¤ğŸ‘»",Kimberly Tucker Moss,2019-10-11T08:07:02Z,0
I ğŸ’¯ thought this was Nikki tutorials in the thumbnail,Sunny Love,2019-10-11T06:09:28Z,0
"You killed it, girl!! Love watching you create!!!",Lacey Latham,2019-10-11T06:03:38Z,0
I&#39;m getting Chi Chi Rodriguez vibes and I love it!!!! â¤ğŸ™‹,Mary V,2019-10-11T05:48:40Z,0
What is the name of the song/intro? I love itttt lol,karinalove246,2019-10-11T05:42:46Z,0
"I love this so much. Very original, not what everyone else is doing. Setting the bar high.",just_me_ being_jess,2019-10-11T05:19:45Z,0
Nailed it guuuurrrll ..loving it ğŸŒ ,Regina Marie Garcia,2019-10-11T05:15:02Z,0
I live for this ğŸ˜,Ali Leppek,2019-10-11T05:08:44Z,0
Please do a  video on your teeth I love them they look so pretty!! Please tell us process an what all you went thru! Thanks,Always Smile More!,2019-10-11T04:15:58Z,1
Y do all the body foundations have to be so orange? Great job. This could be worn by a RuPaul drag queen audition contestant too,bellyisis,2019-10-11T04:13:22Z,0
I love this ğŸ’•ğŸ’•ğŸ’•ğŸ’•â¤ï¸,Bianca G,2019-10-11T04:01:24Z,0
I swear if thereâ€™s anything I look forward to in October itâ€™s always ur Halloween videos! Slayy it girl! ğŸ™ŒğŸ½ğŸ™ŒğŸ½ğŸ˜ğŸ˜,Ash E,2019-10-11T03:49:57Z,0
Your so talented and love the unique way you create your Halloween looks keep them coming loving them all ğŸ˜ğŸ˜ğŸ˜ğŸ˜ğŸ˜ğŸ˜,Valentina Leon,2019-10-11T02:48:59Z,0
u are amazing!!!!!,Miriam Alex,2019-10-11T02:26:37Z,0
You nailed girl ğŸ‘ğŸ»ğŸ‘ğŸ»ğŸ‘ğŸ»â¤ï¸,Yeni Carpin,2019-10-11T02:22:25Z,0
"I love you Nicole! Can you pleaseee make a wig video, like your collection and where you buy your wigs? Like I am in love with your hair right now! Love you so much!",Marlina Smith,2019-10-11T01:45:51Z,0
"Before I even finish watching the video. I just want to let you know you really shine during this time a year! And I hope this passion you have it flow into 2020! You get your passionate, creative, and just in your element!",Roman.Beautyy,2019-10-11T01:37:40Z,0
Maaaajjoorrrr Cher vibes ğŸ˜,L. Danielle,2019-10-11T01:30:14Z,0
This is so drag I love it,Rosie Bess,2019-10-11T01:27:10Z,0
"The stones/jewels were just stick on ones, or did u have to use any type of adhesive or glue ?",Erika Castaneda,2019-10-11T01:24:17Z,0
That intro is everything mom ğŸ¥°ğŸ¥°ğŸ¥°,Kimberly Rodriguez,2019-10-11T01:18:37Z,0
Here for this and here for you!!,The Daily Dose of Sarah O,2019-10-11T01:02:52Z,0
I love u but this ain&#39;t it sis,Miranda Bailey,2019-10-11T00:55:57Z,0
Great job Nicole!!!! I love it!,Latoya Gary,2019-10-11T00:55:16Z,0
How does Nicole not have more followers/subs???!!!! Sheâ€™s amazing!!! &amp; still one of the real YouTube gurus out there!!!!,Nataly Rod,2019-10-11T00:53:00Z,2
Gorgeous!,Lindsey Wood,2019-10-11T00:47:18Z,0
"Nicole is officially the Beyonce of youtube. When she hits, momma hits BIG! Yesssss Queen! I have been a fan since the stripper pole in the bedroom at moms house. Love you Momz ğŸ’•ğŸ’•ğŸ˜˜ğŸ˜˜ğŸ˜˜ğŸğŸğŸğŸğŸğŸ",MiliandKai baby,2019-10-11T00:45:04Z,0
I love your Halloween videos!!!! The way you enjoy transforming into the characterğŸ˜ you are amazing ğŸ§¡ğŸ§¡ğŸ§¡ğŸƒ,Mari Hdez,2019-10-11T00:28:36Z,0
I love this! I get drag/showgirl vibes ğŸ‘Œ,Beth Jarvis,2019-10-11T00:27:57Z,0
I LIVE for your HALLOWEEN looks!,Kelsey Theresa,2019-10-11T00:07:09Z,0
Girl what was that that you did to your lips with the brown ? Does that make your lips look bigger ? Spill the tea sis,Maser De Leon,2019-10-10T23:49:01Z,0
Obsessed!! The queen has arrived,Candu Marie,2019-10-10T23:45:59Z,0
Killed itttt!!!,Mirandaa,2019-10-10T23:25:00Z,0
"All hail the Halloween QueenğŸ™ŒğŸ» also while I was watching this, my puppy could not stop tilting his head to the musicğŸ˜‚",Hannah Cohn,2019-10-10T23:22:32Z,0
Love it!! Absolutely gorgeous!! Totally gave me Christina Aguilera vibes,Krissy Campbell,2019-10-10T23:12:10Z,0
Amazing! You are so talented! Love that you explain the steps so everyone can attempt to get this look or at least something closeâ™¥ï¸â™¥ï¸â™¥ï¸â™¥ï¸ğŸ˜,Petersen,2019-10-10T22:52:27Z,0
Too freaking good! You kill em every time Nicole!,Alexis C.S,2019-10-10T22:48:34Z,0
LOVE ITTTT!!,Cuseny76 sweecho,2019-10-10T22:32:24Z,0
Looove this. U look like uve just walked off the stage in vegas. Get that glam girl! Xx,im miss young,2019-10-10T22:32:21Z,0
"Please do your research about Halloween, and what you are celebrating and what you have your kids and yourself participating in. Watch this video to understand what you are watching. <a href=""https://youtu.be/J14fxMogEo0"">https://youtu.be/J14fxMogEo0</a>",Mary J,2019-10-10T22:18:28Z,0
I got dolly patron meets el vira,Carla56,2019-10-10T22:17:47Z,0
You and Carli bring the best looks every Halloween! ğŸ”¥,Joelle,2019-10-10T22:16:23Z,0
Omg I love this Nicole!! You look bomb babe ğŸ˜ğŸ‘»ğŸ–¤,TymetheInfamous,2019-10-10T22:02:53Z,1
"I seriously believe because your craft is so much more than makeup, you should use your platform for things you are so bomb at! I seriously think youâ€™re the editing queen. I donâ€™t know many YouTubers who Edit solely alone with out any help of assistants or any of that! And youâ€™re so bomb at it! I would loveeeeeeee to watch content that you create like that! Signed a loyal fan who is intrigued by your work ethic!",Jennifer Latimer,2019-10-10T21:58:29Z,0
Yes Queen!!!!,ashley Duffina,2019-10-10T21:53:33Z,0
DO A VAMPIRE TUTORIAL PLEASE,Feather Metat,2019-10-10T21:47:04Z,0
Love love love this!!! And you of courseğŸ’œ amazing as always,michelle collins,2019-10-10T21:36:31Z,0
Iâ€™m in love ğŸ˜ w this look!,Angie Smilth,2019-10-10T20:40:05Z,0
Youâ€™re so relaxing to watch!! And I live for your intros!!,Blanca Alfaro,2019-10-10T20:27:54Z,0
Love it!! Youâ€™re so creative!  ğŸ¥°,Dawn Carnell,2019-10-10T19:21:05Z,0
Yaaaas mom kill it!!!!!!,h,2019-10-10T19:19:46Z,0
Yassssssss QUEEN! Keep it up!! ğŸ˜˜,Taylor Sides,2019-10-10T19:14:45Z,0
In love with this look â¤ï¸ sooo fun ğŸ™ŒğŸ¼,Teodora Cvetanovic,2019-10-10T19:08:51Z,0
Intro is to die for â¤ï¸ğŸ˜±ğŸ˜±ğŸ˜±â¤ï¸â¤ï¸â¤ï¸â¤ï¸â¤ï¸â¤ï¸â¤ï¸,Shriya Srivaz,2019-10-10T19:03:45Z,0
Babe you are killing this ğŸ’œğŸ‘,MelodyKnowsMakeup,2019-10-10T18:58:39Z,0
LOVE THIS SO MUCHHHH,Blanca Reyes,2019-10-10T18:56:13Z,0
Stunning!!!!! â¤ï¸â¤ï¸â¤ï¸â¤ï¸â¤ï¸â¤ï¸,Cathy Mumper,2019-10-10T18:40:34Z,0
"The makeup is <a href=""http://bomb.com/"">bomb.com</a>!",Em Ramirez,2019-10-10T18:32:03Z,0
this EYE MAKRUP THOUGH !,TabethaAshly,2019-10-10T18:21:51Z,0
Nicoleeeeee my lips are chapped I need some best damn lip mask this winter youâ€™re killing ya girl ğŸ˜©ğŸ˜©,Anna G,2019-10-10T18:00:48Z,0
"UGH<br />YOU<br />SO <br />STAY<br />KILLIN<br />IT <br />AMAZING, THANK YOUUUUU<br />ğŸ‘ğŸ‘ğŸ‘ğŸ‘ğŸ˜ğŸ™ğŸ˜",Janae Betty,2019-10-10T18:00:38Z,0
I&#39;d love to see Maleficent...ğŸ˜Š,MissouriGirl 84,2019-10-10T17:55:58Z,0
"Nicole just wanna say, you are my all time FAV bg, youâ€™ve inspired me so much and i will always follow and admire you! you are so talented! xo",L Mack,2019-10-10T17:53:29Z,0
Christina Aguilera Burlesque vibes âœ¨ğŸ‘,Alexandria Kelley,2019-10-10T17:52:41Z,0
You are my Halloween Queen,Abbey Walla,2019-10-10T17:46:43Z,0
this is something different and i really like it btw i appreciate your page,Milan Milligan,2019-10-10T17:45:52Z,0
Yas girl! Get it girl! I love love obsessed with your talented make up looks. Thanks for doing them! â¤ï¸â¤ï¸â¤ï¸,JgirlbyootyMUA,2019-10-10T17:38:30Z,0
"Is there anything you can&#39;t pull off! Damn I loved everything about this video, the edit, the music, the makeup, the clothes, accessories! YOU! Everything â¤",Khatereh.,2019-10-10T17:36:09Z,0
you kill it every single time,franzi2oo9,2019-10-10T17:32:58Z,0
YESSSSSSS. Nomi Malone â™¥ï¸,MsPrimaQiana,2019-10-10T17:31:58Z,0
Loveeeeeeeeeee,Brittney Atkins,2019-10-10T17:30:40Z,0
I feel like the jewels pulled it all together. Time consuming but so worth it. Loooove it,Marisela Sanchez,2019-10-10T17:00:23Z,0
You should do Nomi Malone though! It would be great. I adore that film.  Everyone does showgirls.,Magnolia Name,2019-10-10T16:43:48Z,1
Looooving your nails ğŸ˜ğŸ˜ğŸ˜ğŸ¥°ğŸ¥°ğŸ¥°,TattooedMomma,2019-10-10T16:19:07Z,0
Hit that like button before I even watched.  I just love you girl have since day one,TattooedMomma,2019-10-10T16:18:25Z,0
Killed it girl ğŸ˜,Lindaâ€™s World,2019-10-10T16:17:11Z,0
"The intro, the music, the makeup, the headpiece, the outfit!!! I am LIIIIIIVING ğŸ¤©ğŸ¤©ğŸ¤©ğŸ¤©ğŸ¤©ğŸ¤©ğŸ¤©ğŸ¤©",Katrina Trejo,2019-10-10T16:04:34Z,0
The Queen of Halloween costume makeup this looks amazing,Jackie Harrison,2019-10-10T16:02:36Z,0
thumbmail looked like patric star,FAM LOVE,2019-10-10T16:00:10Z,0
this makeup is SOO FLAWLESSSS I LOVE ITTTTT,Therealshayna,2019-10-10T15:43:09Z,0
"wow mom , i loveeeed this . definitely thinking about doing this for halloween â¤ï¸",Jozi Roze,2019-10-10T15:37:28Z,0
QUEEEEN OF HALLOWEEEEEN,Brooke Davies,2019-10-10T15:35:13Z,0
ğŸ’•,Sarah Barajas,2019-10-10T15:32:58Z,0
Bomb Bomb Bombbbbbb as usual!,Akilah Oates,2019-10-10T15:32:55Z,0
It doesnâ€™t seem like Halloween without watching Nicole Halloween makeup! For real Iâ€™ve been getting seriously into makeup as an adult for Halloween for about 6 years in a row now and itâ€™s almost nostalgic when you start your Halloween makeup every yearâ¤ï¸ I appreciate it so much,Madison Martin,2019-10-10T15:30:01Z,0
You are seriously queen ğŸ‘‘ of Halloween ğŸƒğŸ˜©ğŸ‘ğŸ¼ğŸ™ŒğŸ¼,Evelyn Odalys,2019-10-10T15:23:53Z,0
Do a Cher tutorial!!!! Love yağŸ’“,Alexis Andersen,2019-10-10T15:11:25Z,0
You will forever and always be queenğŸ‘¸ğŸ¼ these are my favorite videos of yours but Iâ€™ve been watching since you filmed your outfit of the days in the mirror <br />I love you,veronica linn,2019-10-10T15:01:35Z,1
â¤â¤â¤â¤â¤â¤,Rayleen Nunyah,2019-10-10T14:47:02Z,0
Dopeness at itâ€™s finest,Tamara Austin,2019-10-10T14:43:32Z,0
Ahhh Yaaass I was waiting for a glam look!! That joker creeped me out ğŸ¤£ğŸ¤£ğŸ¤£â¤ 143.,Shalisa Kavona,2019-10-10T14:39:31Z,0
Amazing as always! Canâ€™t get over your talent!!,claire smith,2019-10-10T14:35:39Z,0
Youâ€™re amazing!! I think I might copy this one,Brandi Jade,2019-10-10T14:31:22Z,0
I love my queen of Halloween!,mindylu32,2019-10-10T14:29:21Z,0
The clips of you dancing!! you look so pretty!!!,Itzelle A,2019-10-10T14:28:52Z,0
I love how committed Nicole to her Halloween looks and especially the details and authenticity of the look! ğŸ™ŒğŸ»ğŸ‘ŒğŸ»ğŸ”¥â¤ï¸,Melissa Torres,2019-10-10T14:27:25Z,1
Iâ€™m just trying to get that intro music,Jettaboo,2019-10-10T14:25:51Z,0
"Nobody: <br />Me: now, i wanna be showgirl for Halloween <br />My hubbs: dafaq?! <br /><br />Killed it again Nicole! ğŸ™ŒğŸ˜",Valerie Guzman,2019-10-10T14:22:57Z,8
Amazing,Sandrasvibe_,2019-10-10T14:16:35Z,0
Love the introğŸ’“,Lourdes Jimenez,2019-10-10T14:09:02Z,0
Than my daughter heard the song ( she has autism) and she started jamming out with mommy. Lol mommy life. Love u Nicole. Been watching u since day 1,Stephanie Santiago,2019-10-10T14:06:30Z,1
Awesome as Amway. I was bobbing my head all silly to the intro song. Uh ugh uh ğŸ’ƒğŸ’ƒğŸ’ğŸ’ğŸ¤—ğŸ¤£,Stephanie Santiago,2019-10-10T14:03:18Z,0
"First off, Maaam, You are slaying again, I repeat SLAYING this look!!!<br />Second off, can we just address the fact that she always has the perfect music for every look!!! 143",Tasha22Bella,2019-10-10T13:59:22Z,0
YES Nicole!! I absolutely love you. ğŸ˜ your content is legit the best and I hope you never stop making Halloween videos.,Mariah DeHerrera,2019-10-10T13:46:36Z,0
"I wish you would do the evil queen from Snow White!! But do you girl, love all Halloween looks!",Blayne Morse,2019-10-10T13:39:59Z,0
"Mom, you killed this look ğŸ˜­â¤ï¸",Sincerely Deeanne,2019-10-10T13:35:28Z,0
OKAY SIS ğŸ‘ğŸ» Nicole you are so beautiful &amp; talented ğŸ’— loving the Halloween looks!,lizzyfashizzy,2019-10-10T13:27:24Z,0
NO WAY!!!! This is AWESOME ğŸ¤—âœ¨ That wig looks good on you,Makeupbymariam____,2019-10-10T13:26:58Z,1
Rewatched the video on the second upload because we support ğŸ˜Œ lmao the edit is fireee though!,Brittney Garcia,2019-10-10T13:21:41Z,0
Game of thrones<br /> Mother of dragon ğŸ‰  vibes!! <br />Idk how to spell her name but yo before the makeup u look just like her. Your Halloween ğŸƒ makeup videos BOMB! Thanks!,Lory Lopez36,2019-10-10T13:14:10Z,0
Dopeness. The timing and music was so on point too.,Ms. Stephanie,2019-10-10T13:05:29Z,0
The queen of halloween looks is not here to play!!,Teri-Yae Yarbrough,2019-10-10T13:01:36Z,0
Why do you do your eyes before foundation? Does it help?,Laura Friel,2019-10-10T12:58:52Z,0
The intros and outros ğŸ’,beki stegall,2019-10-10T12:52:02Z,0
Appreciate that your in the spirit to do Halloween make up! It seems like no one else is and itâ€™s my favorite time of year and love to watch all of the Halloween videos!,Valery Clayton,2019-10-10T12:47:20Z,0
I donâ€™t think you know or could possibly understand how much happiness your Halloween videos bring meâ¤ï¸ #143 babe,Vero Woo_x,2019-10-10T12:44:48Z,0
That&#39;s talent,Nathalia Fernandes,2019-10-10T12:35:40Z,0
Pleaseeee do a beetle juice &amp; Sally ( Nightmare before Christmas) ğŸ™ğŸ¼ğŸ™ğŸ¼ğŸ™ğŸ¼ğŸ™ğŸ¼ğŸ–¤ğŸ–¤ğŸ–¤ğŸ’—ğŸ–¤ğŸ’—,Crystal Encinia,2019-10-10T12:23:02Z,0
ğŸ˜ğŸ˜ğŸ˜,Ieshaa Harvey,2019-10-10T12:18:32Z,0
ğŸ˜ğŸ¥° so talented,Jay MG,2019-10-10T12:10:59Z,0
u did that ğŸ˜,TheRealAmalia,2019-10-10T12:06:00Z,0
ğŸ˜ğŸ˜ğŸ˜ğŸ˜ğŸ˜ğŸ˜,Patrice Elam,2019-10-10T12:05:34Z,0
I could never accomplish any of these looks but I am living for these tutorials!!! ğŸ¤—ğŸ¤—ğŸ¤—,Nou Moua,2019-10-10T12:00:48Z,3
I love it ğŸ˜­,Gaby Sanchez,2019-10-10T11:58:31Z,0
Your creativity is ğŸ”¥ this year! Thank you Nicole!,Doseof Dori,2019-10-10T11:48:35Z,0
More glitter and thise feather scarf looking things! She totally nailed the look!,SHARON R. N.,2019-10-10T11:45:22Z,0
Soooo good!!,LisaMarie Gordils,2019-10-10T11:44:51Z,0
When I saw the thumbnail in my subscription box I thought it was PatrickStarrr ğŸ¤£ ly â¤ï¸,Valerie Yordanova,2019-10-10T11:29:50Z,0
I see why it takes you so long to find music! You just find the perfect song that just flows with each look you do. I LOVE IT! ğŸ¶ğŸ¶,Jazmin Cruz,2019-10-10T11:25:07Z,0
"You&#39;re such an amazing woman,  can&#39;t get enough of you!! Queen!! ğŸ˜ğŸ˜â¤ï¸â¤ï¸ğŸ‘‘ğŸ‘‘ğŸ‘‘",Matina Krikeli,2019-10-10T11:23:02Z,0
Gorgeous! Youâ€™re so talented!  ğŸ˜ğŸ¤¤,Linnea Spjuth,2019-10-10T11:16:34Z,0
11/10 girllllll ğŸ‘ğŸ½ğŸ‘ğŸ½,Shaf,2019-10-10T11:13:21Z,0
IM SO IN LOVE WITH THIS,MelissaSP,2019-10-10T10:55:23Z,0
This is AMAZING girl I loveeee this so muchhhhhhh omg I canâ€™t deal ğŸ˜ğŸ˜ğŸ˜ğŸ˜ğŸ™ŒğŸ½ğŸ™ŒğŸ½ğŸ™ŒğŸ½ğŸ™ŒğŸ½ğŸ™ŒğŸ½ğŸ™ŒğŸ½,Ingrid Mejia,2019-10-10T10:46:20Z,0
Fantastic!,lady k,2019-10-10T10:45:18Z,0
"Awesome! <a href=""http://www.youtube.com/results?search_query=%23High5"">#High5</a> Glamorous Great Halloween Idea!",Victorian Aztec,2019-10-10T10:41:54Z,0
"So, you should do an update on your teeth. Your teeth look so white.ğŸ˜",ARELI S.,2019-10-10T10:14:09Z,0
Girl you nailed it,ARELI S.,2019-10-10T10:13:20Z,0
This look is beyond amazing!!! Such a cool idea too! And I must say you never disappoint ever but especially when itâ€™s Halloween time I know that you will always slay and keep that creativity alive and Iâ€™m so thankful,Terrimarie,2019-10-10T10:11:26Z,0
You look like PatrickStar here.,Lunaa Eklips,2019-10-10T09:59:15Z,0
"Ma&#39;am,  you are just killing it with these Halloween looks and I&#39;m here for it! ğŸ™ŒğŸ™ŒğŸ™Œ",Nesha Rangel,2019-10-10T09:33:00Z,1
The girl is definitely back in the Halloween magic mood! Yussss! Halloween Queen!,Rizqa Sam,2019-10-10T09:25:35Z,0
loved this,Clara Diogo,2019-10-10T09:18:06Z,0
Any look you do is ğŸ’¯!!! U have some serious talent!! Love it ğŸ˜,Lorena Lobatos,2019-10-10T09:13:24Z,0
ğŸ‘ğŸ¼ğŸ‘ğŸ¼ğŸ‘ğŸ¼ğŸ‘ğŸ¼ğŸ‘ğŸ¼ğŸ‘ğŸ¼ ğŸ§ğŸ»â€â™€ï¸,Lizzfrey Style,2019-10-10T09:07:27Z,0
Super cute show girl â¤â¤â¤â¤,Arhamna Khan,2019-10-10T09:00:32Z,0
"I don&#39;t know why, but I see the eye makeup looking green at the start? Anyone else?  It&#39;s like that colour changing dress that went viral",A Crisafulli,2019-10-10T08:57:50Z,0
I love thisssss ğŸ˜,tr4nzit,2019-10-10T08:47:42Z,0
I still want to see jeremys reaction to how talented you are!!! â¤ï¸â¤ï¸ğŸ˜Š,Sindy D,2019-10-10T08:30:47Z,0
As always loved it,rxoxa alqs,2019-10-10T08:21:12Z,0
Nomi Malone played by Elizabeth Berkley,zoramystic2ify,2019-10-10T08:20:56Z,0
Love that you still do Halloween looks,Patricia Morgan,2019-10-10T08:20:04Z,0
"I said it once and I&#39;ll say it again, I wish to see this creative side of you even when its not a Halloween month. You are absolutely talented girl!",Diana S B,2019-10-10T08:12:36Z,0
Omg yesss i loved this!!! I dont think i can recreate something like this though lol! Your so talented!! Btw in the beginning you look like the game of thrones lady ps. Iâ€™ve never watched that show lol,taniaXO,2019-10-10T08:11:55Z,0
"I love these Halloween videos, I look forward to them every year!! It makes me go back and watch them all again from the years beforeğŸ˜‚ğŸ™‚ğŸ¥°ğŸ¥°",BeccyBlueEyes,2019-10-10T07:54:31Z,0
Short but concise! I loved it!,Yesenia G,2019-10-10T07:40:14Z,0
Queen ğŸ‘‘,Natalia Ortiz,2019-10-10T07:35:08Z,0
You look stunning!,Elvia Ramirez,2019-10-10T07:32:32Z,0
Omg!! I&#39;m obsessed!!! ğŸ˜ğŸ˜ğŸ˜,Jac Dennison,2019-10-10T07:31:46Z,0
You really are an amazing artist. I especially love your tutorials for Halloween. Do you ever paint on canvas? If not you should and see where your creativity takes you.,Maddie Perez,2019-10-10T07:29:40Z,0
O. M. G. !!! ğŸ˜ğŸ˜ğŸ˜ğŸ˜ğŸ˜ğŸ˜ğŸ˜ğŸ˜ğŸ˜ğŸ˜ğŸ‘‘âœ¨,Betty Romero,2019-10-10T07:27:38Z,0
Omg wow wow love you,Momo Iffi,2019-10-10T07:23:25Z,0
My favorite show girl ğŸ˜â¤ï¸,Marwa Shihab,2019-10-10T07:06:31Z,0
Love love love!!! Cant wait to incorporate some of these tricks into my Halloween look!!! ğŸƒğŸƒğŸƒ,Mel *,2019-10-10T06:57:30Z,0
youre so fucking cute. i love how you always are authentically yourself and put out content that youâ€™re passionate about or inspired by!! love you! ğŸ’•,Sydney Langford,2019-10-10T06:53:46Z,0
UHHH nothing speaks Halloween season like your videos!! So good â¤ï¸,Art Gamboa,2019-10-10T06:45:28Z,0
Dang! You went in with the sponge paint brush! ğŸ¤£ love it!,Rikkie Leigh,2019-10-10T06:39:20Z,0
Can you do an Anna Nicole Smith makeup tutorial?,ohhsolucky,2019-10-10T06:31:20Z,0
An artist ğŸ‘©ğŸ½â€ğŸ¨ âœ¨ğŸ˜ğŸ˜ğŸ˜,Awnee,2019-10-10T06:25:54Z,0
YOU ARE AMAZING!!!,misserrricka,2019-10-10T06:25:19Z,0
I am loving your Halloween looks so far! ğŸ–¤,Isabella,2019-10-10T06:24:58Z,0
Where is your Lynyrd Skynyrd shirt from ğŸ˜­ğŸ˜­ğŸ˜­,channingcarlisle,2019-10-10T06:13:24Z,0
So glam and gorgeous!! Love the lip combo need to get it ğŸ˜. I wish I could master wings as well ğŸ¤¦ğŸ½â€â™€ï¸ I live in a bun or pony. Thanks for sharing love!,Daniela Paz,2019-10-10T06:12:19Z,0
Love this look!!,Denise Diaz,2019-10-10T05:50:17Z,0
ğŸ”¥ğŸ”¥ğŸ”¥,Lauren Tapia,2019-10-10T05:48:16Z,0
"Welp. Gonna rewatch it a 100 times, i guess. Like all other Nicole videos ğŸ‘€",XO Jeanne,2019-10-10T05:44:01Z,0
Really enjoyed the intro girl!! Im still dancin! Hahs,genesisibarra3,2019-10-10T05:43:12Z,0
"<b>**AMAZING SKILLS, NICOLE!!! LOVE IT!!!**</b>",Empananda,2019-10-10T05:42:36Z,0
I love â¤ï¸ the vantage look awesome ğŸ˜ğŸ˜ğŸ˜,Sneha,2019-10-10T05:41:46Z,0
Youâ€™re meant for it. Best halloween looks on YouTube,Sweety Yadav,2019-10-10T05:39:32Z,0
Celia Cruz vibes ğŸ”¥,Makeup Gal93,2019-10-10T05:37:01Z,0
yayyyyy halloween vids are rolling out! 143 ğŸ’œ,Gretel Cancio,2019-10-10T05:36:34Z,0
Iâ€™ve been waiting for u to upload,Sandra Arreola,2019-10-10T05:32:40Z,0
ğŸ’–ğŸ’–ğŸ’–,Evangelina Ortiz,2019-10-10T05:31:53Z,0
Can somebody explain to me how she dosnt have more subscribers ğŸ‘€ this girl has amazing talent â¤ï¸,Blanks Garcia,2019-10-10T05:30:33Z,0
"<a href=""https://www.youtube.com/watch?v=0qQ-2jq0auU&amp;t=0m37s"">0:37</a> total Daenerys vibes",ello,2019-10-10T05:29:44Z,0
I honestly never dress up for Halloween but I always look forward to your dope ass Halloween looks! So creative and beautiful! ğŸ¤“ğŸ˜ğŸ˜ğŸ˜ğŸƒğŸƒğŸƒğŸƒğŸƒ,Ashley Garza,2019-10-10T05:26:20Z,0
Full on Lady Marmalade vibes ğŸ˜ğŸ˜,MariahNiess,2019-10-10T05:25:28Z,0
Iâ€™m getting such drag vibes I freaking love it.,Aniqa Hassan,2019-10-10T05:14:07Z,1
Can you do a Gypsie look?!??,Cassey Vuong,2019-10-10T05:11:35Z,0
"If you thumbed down this video , YOU IS A HATEEERRR . Talented ass makeup artist and YouTuber . You killed it baby girl Iâ€™m loving these Halloween looks ğŸ’“",Ruby Red,2019-10-10T05:06:18Z,0
You should try to dress up as Annabelle the haunted doll!,Molly,2019-10-10T05:06:15Z,1
I just wanna commend you for the amount of growth and improvements in your art specifically Halloween looks. My gosh se beautiful. My fav so far been the Demond girl look w the black heart on your chest.,Paty G.,2019-10-10T05:03:41Z,1
Wow! You are so creative!!,Favi Alvarado,2019-10-10T05:03:03Z,0
Wow! It looks amazing ğŸ˜ƒ,Lunnsdesigns,2019-10-10T05:02:46Z,0
During Halloween I love consistency and awesome looks!!! ğŸ™ŒğŸ½ğŸ™ŒğŸ½ğŸ™ŒğŸ½ğŸ™ŒğŸ½ my dream!,bri ochoa,2019-10-10T05:02:42Z,0
You are KILLING IT!!!!,bri ochoa,2019-10-10T05:02:03Z,0
Ugh youâ€™re beautiful! ğŸ˜»,Cinthia DueÃ±as,2019-10-10T05:00:10Z,0
"ğŸ’œğŸ–¤ğŸ’œ seriously? you are the freaking bestttt!!! Truly appreciate you doing all these looks, you kill it every time!",Tasha Ross,2019-10-10T04:59:26Z,0
Gave me Christina Aguilera vibes before outing the costume on!,vanesitamuneca25,2019-10-10T04:58:48Z,2
I think the rest of YouTube forgot about Halloween,Julie Tu,2019-10-10T04:57:45Z,0
"<a href=""https://www.youtube.com/watch?v=0qQ-2jq0auU&amp;t=5m00s"">5:00</a> foam brush method I going to give that a try",Rubi Valencia,2019-10-10T04:55:23Z,0
And anotha one â˜ï¸ğŸ˜<br />I&#39;ve been watching this channel since like...2006? 2007? And my all time fave vids are alwaaaays the Halloween looks every freakn year! ğŸƒğŸƒğŸƒğŸƒğŸƒ,S B,2019-10-10T04:51:08Z,0
Omg! You look absolutely Stunning! Love it!!!,makeupmotivation504,2019-10-10T04:50:45Z,0
Always look forward for the October vids !!,kristal Perez,2019-10-10T04:40:26Z,0
Loved this!! I like the little show you gave in the intro and outro.,Kalisha J,2019-10-10T04:39:42Z,0
I always look forward to your Halloween looks! You crank them out! We need another rainbow bae! I wanna see yellow next.,Jennifer Jurczak,2019-10-10T04:33:09Z,0
Yaaaassss! Girl ğŸ‘ğŸ‘ğŸ‘ğŸ”¥ğŸ”¥ğŸ”¥ğŸ”¥ğŸ”¥ğŸŒ¹ğŸŒ¹ğŸŒ¹ğŸŒ¹ğŸŒ¹ğŸŒ¹ğŸŒ¹ğŸŒ¹ğŸŒ¹ğŸŒ¹ğŸŒ¹ğŸŒ¹ğŸŒ¹ğŸŒ¹ğŸŒ¹,Catalina_ 0801,2019-10-10T04:32:26Z,0
ğŸ”¥ğŸ”¥ğŸ”¥ğŸ”¥,Vivian B,2019-10-10T04:23:41Z,0
Your editing and attention to detail is seriously unmatched!! So much love for you!,Brooke Berg,2019-10-10T04:23:30Z,0
Could definitely change up the wig and clothes and be Cruella DeVil,Daiq Padilla,2019-10-10T04:22:42Z,0
Ursula for sure,Halston1966,2019-10-10T04:20:28Z,0
Queen of HalloweenğŸ™Œ,beeh,2019-10-10T04:20:12Z,0
LOVEEEE LOVEEE LOVEEEEğŸ˜ğŸ˜ğŸ˜ğŸ˜,beeh,2019-10-10T04:18:32Z,0
Looks so good!! Omg you are a beast ğŸ˜ğŸ˜ğŸ˜,Rae,2019-10-10T04:08:48Z,0
Loooovvvveee this!!,Rachelle BaÃ±uelos,2019-10-10T04:07:35Z,0
So Cute!!!!,Breanna Rivera,2019-10-10T04:07:20Z,0
Looks like Cruella DeVille makeup,Liz Zamora,2019-10-10T04:05:01Z,0
Iâ€™m feeling like u need to do dramatic looks throughout the year .... few you tubers are actually good at it !! Cheers to one of the muvas of YT,MakeupArtistSociety,2019-10-10T04:04:37Z,3
ğŸ¤©ğŸ¤©ğŸ¤©,Itzayana's Makeup,2019-10-10T04:03:58Z,0
"YES, YES, YESâ£ï¸",Madelyn Kennedy,2019-10-10T04:01:19Z,0
ğŸ’¥ğŸ’¥ğŸ’¥ğŸ’¥,Priscilla Garza,2019-10-10T04:00:17Z,0
I love it!!!!!!,Tonia's Reviews,2019-10-10T03:58:18Z,0
You should do IT the clown. A lot of people in Sarasota seem to be very interested by it.,Abi Rose,2019-10-10T03:56:39Z,0
Queen of Halloween. PERIODT.,Amanda Ensing,2019-10-10T03:56:21Z,0
Love this look!! â¤ï¸â¤ï¸â¤ï¸,Maranda Neuaone,2019-10-10T03:56:08Z,0
Living for this intro!,Angela Gardner,2019-10-10T03:54:36Z,0
LOVED THIS GLAM BBY â¤ï¸â¤ï¸,mitchelmakeup,2019-10-10T03:53:29Z,0
Your costume videos are simply next level!!,Emily Wiseman,2019-10-10T03:51:22Z,0
Please do my makeup for Halloween ğŸ‘» ğŸƒ,Fabiola Suarez,2019-10-10T03:45:16Z,1
I love the white hair on you!! It makes your complexion pop. If only it wouldnâ€™t be so damaging on your real hair ğŸ˜‚,Dearie Dear,2019-10-10T03:45:05Z,0
this was bomb. also: music was spot on. I know how much youve been struggleing with music but you made it work perfectly!,sophie usher,2019-10-10T03:44:22Z,22
MAAAAAAM COME THRUUUUUU ğŸ’•ğŸ’•ğŸ’•â¤ï¸,mitchelmakeup,2019-10-10T03:44:00Z,0
Love it!!!!,Dassy Jadan,2019-10-10T03:41:58Z,0
Someone please trick Nicole into believing halloween is a year round festivity. Someone. Anyone.,Marien Reyna,2019-10-10T03:40:20Z,0
This would be a great makeup look for Cruela Devil as well!,Gabby D'Agostino,2019-10-10T03:39:31Z,0
Diggin the white blonde on you!!,Dakota DellaFera,2019-10-10T03:36:11Z,0
PERFECTION!!!!!!!!! Completely perfect everything and again the  amazing editing,Ray Luv,2019-10-10T03:35:48Z,0
Queeeeeen!!! ğŸ˜ğŸ˜,Vicositha,2019-10-10T03:35:40Z,0
Loved it love â¤ love â¤,Dayna Martinez,2019-10-10T03:34:05Z,0
Yes!!!!!! Keep them coming ğŸ˜ğŸ˜ğŸ˜,jessica espinola,2019-10-10T03:33:49Z,0
this is amazing loveeeee it â¤ï¸â¤ï¸â¤ï¸â¤ï¸,Alexandra Sanchez,2019-10-10T03:33:11Z,0
You are just too cute ğŸ’•ğŸ˜š,Ann V,2019-10-10T03:33:10Z,0
â™¥ï¸â™¥ï¸â™¥ï¸,Tashia Roe,2019-10-10T03:32:38Z,0
I looovvee it!!,Jodi Snowden,2019-10-10T03:31:18Z,0
Girl you&#39;re killing it with these Halloween looks!! Love how you&#39;re not over complicating what to do you just get an idea and get to it!!ğŸ™ŒğŸ’•ğŸ¤©â¤,Krystal Manzano,2019-10-10T03:30:46Z,2
I looked forward to your Halloween videos every year!! Please donâ€™t stop making them!! ğŸ˜,Veronica Catalan,2019-10-10T03:30:17Z,0
ğŸ™„,Beatriz Family style,2019-10-10T03:21:51Z,0
Giving me major Burlesque vibes ğŸ˜ğŸ˜ğŸ˜ 143 ğŸ˜˜,kriselitaa96,2019-10-10T03:21:04Z,0
Love love love you ğŸ˜â¤ï¸,Jackie Olson,2019-10-10T03:20:41Z,0
â¤ï¸â¤ï¸â¤ï¸,Cassie C,2019-10-10T03:19:58Z,0
These videos are a testament to your creativity and artistic abilities. Iâ€™m sooo tired of the repeat fall/cranberry/warm looks everyone posts every single fall. I want creative content!! Killing the game Nicole.,Cinthia Serna,2019-10-10T03:19:49Z,0
Nicole is killing Halloween this year!!,Eileen baha,2019-10-10T03:18:58Z,0
ğŸ’•ğŸ’•,Jesika Rivera,2019-10-10T03:18:51Z,0
I wish you did halloween looks all year!,L L,2019-10-10T03:18:49Z,0
Adorable! ğŸ˜,marlyntherobot,2019-10-10T03:17:35Z,0
StunningğŸ¤©,alysia montoya,2019-10-10T03:15:55Z,0
Iâ€™m def going to do this eye look for my circus ring leader costume :D<br /><br />Loving all the looks this year Nicole!,becca_beckks,2019-10-10T03:15:14Z,12
Yaaaaaass,Brenda Gomez,2019-10-10T03:11:42Z,0
"Of course your makeup is beautiful, but can we also appreciate the quality of these videos too?!  The music choice and editing was so much fun!",Gloria Hernandez,2019-10-10T03:09:52Z,1
I love your introsssss freaking phenomenal,Gloria Villalba,2019-10-10T03:09:28Z,0
Love this look girl!!â¤ï¸,R0YaL_HiGhNeSs,2019-10-10T03:09:09Z,0
Oh my gosh you are just the cutest ğŸ¤—,ColorMeDalia,2019-10-10T03:07:57Z,0
Game of throne vibes in the beginning ğŸ’ğŸ»â€â™€ï¸,Gab Lopez,2019-10-10T03:07:19Z,1
can we just admire how talented and Beautiful you areğŸ¥°ğŸ’‹ğŸ‘ŒğŸ¼ğŸ‘€,Yoly Lomeli,2019-10-10T03:05:31Z,0
Haven&#39;t even watched it and already hit that like button!! ğŸ˜ğŸ¤—,Denise Angeles,2019-10-10T03:03:41Z,0
Love this idea !!!! Thanks girl,Jhovanna Ramirez,2019-10-10T03:02:31Z,0
Youâ€™re amazing,Laugh Love & Hippie,2019-10-10T03:01:28Z,0
I would definitely come to the show,Romina Bojaxhi,2019-10-10T03:01:09Z,0
This is cute you just hitting us with the back to back,Tay_The_Queen18,2019-10-10T02:58:42Z,0
ğŸ˜¯ğŸ‘ŒğŸ‘ğŸ‘â¤,Sarah Calle,2019-10-10T02:58:24Z,0
You look so good with blonde hair. You look Luke khaleesi in GOT,Bee Melissa,2019-10-10T02:58:16Z,1
Gave me Dolly Parton vibes ğŸ˜ğŸ˜ğŸ˜,Karina Reyes,2019-10-10T02:58:00Z,0
"This look is sooo great, loved it.. your skills are just on another level!!! ğŸ˜ğŸ˜ğŸ¥°ğŸ¥°ğŸ˜˜ğŸ˜˜ğŸ˜˜",Jackie Gomez,2019-10-10T02:56:58Z,0
nicoles halloween videos &gt; anyone elsesğŸ¤·ğŸ¼â€â™‚ï¸ğŸ¤·ğŸ¼â€â™‚ï¸,bran,2019-10-10T02:56:32Z,0
Killed it like always ğŸ˜â¤ï¸,Adilene Farias,2019-10-10T02:56:14Z,0
Yaaasss!!!! Queen!!! Love you girl!! ğŸ¥°â¤ğŸ”¥ğŸ‘‘,Liz FashionTalents,2019-10-10T02:55:36Z,0
I love that you can be so versatile with your Halloween looks Nicole. From gore to glam and everything in between. Waiting on the rest of your Rainbow series. ğŸ˜ğŸ˜ğŸ™Œ,Psyche Eros,2019-10-10T02:54:18Z,2
Yesssss gawwwd!!!!,Crystal D,2019-10-10T02:54:16Z,0
Hermosa!!!!,Jio,2019-10-10T02:54:12Z,0
Also your dentist needs this on his page. All I could stare at was yoooo teeeeffff,Darelia Avalos,2019-10-10T02:54:07Z,42
I always get excited this time of year Halloween season because Nicole has the BEST Halloween makeup looks!,8lyna9,2019-10-10T02:52:41Z,0
When Nicole is the only person I still watch on YouTube for beauty related videos. ğŸ¤­ As Wendy Williams would say sheâ€™s a friend in my head.,jl6823,2019-10-10T02:51:40Z,86
"I just cannot get enough of your Halloween looks..theyâ€™re all just so incredibly well done and you killed it again!!ğŸ‘¯â€â™€ï¸ğŸ’ƒğŸ»  Wish you would do these looks all year round..I love all of them!!  Another amazing Halloween tutorial.  Love you, Nicole!!ğŸ’œğŸ˜˜ xoxoxoxoxoxoxoxoxoxoxoxoxoxo ğŸ’œğŸ¦„ğŸ’œ<br />1ï¸âƒ£4ï¸âƒ£3ï¸âƒ£",Misty Parsons,2019-10-10T02:51:09Z,0
"All that lid space...idk, just getting Cruella DeVil vibes",Jessica Baca,2019-10-10T02:50:59Z,0
You should have 10 million subscribers. You have talent!!,Julia Caldera,2019-10-10T02:47:25Z,0
Nicole you killed it once again !!!!,Inez Benitez,2019-10-10T02:45:49Z,0
"Youâ€™re doing amazing this year, LOVE YOU!!!â¤ï¸",Andrea C.,2019-10-10T02:45:24Z,0
LOVE LOVE LOVE! â¤ï¸ So glam!!,Lani Alexander,2019-10-10T02:44:36Z,0
Iâ€™m waiting for a compilation of Beebâ€™s reactions to your Halloween looks!!!! Plz and thank you,Darelia Avalos,2019-10-10T02:44:19Z,150
CAN THIS PLEASE HAPPEN!! ğŸ¥ºğŸ™ğŸ½ğŸ™ğŸ½,Jazmine,2019-10-10T03:23:58Z,2
always coming thruuuu !!!,Betsy Solis,2019-10-10T02:44:08Z,0
"If they had an award for best intros you would deffff get that! So good, loved it ğŸ’š",betsy paula,2019-10-10T02:41:55Z,11
Giving me some Burlesque vibes! ğŸ˜,LexieGee,2019-10-10T02:41:11Z,0
âœ¨âœ¨âœ¨ğŸ™ŒğŸ¼ğŸ˜ğŸ˜,KathleenXO,2019-10-10T02:41:10Z,0
Yessssss. She is not here to play this spooky season! I am here for it!,yaya gonzalez,2019-10-10T02:40:49Z,0
ğŸ˜ğŸ˜ğŸ”¥ğŸ”¥ğŸ”¥ğŸ”¥,Veronique Comeau,2019-10-10T02:39:54Z,0
I love everything bout this look but then eyes giiiiiiirl talk bout a beautiful blend &amp; so exaggerated ğŸ‘ğŸ¼ğŸ‘ğŸ¼ğŸ‘ğŸ¼ğŸ‘ğŸ¼ love you girl !! ğŸƒğŸƒğŸƒğŸ‘»ğŸ§¡,Rissa Holguin,2019-10-10T02:39:49Z,0
please do beetle juice next!!!!,Bailee Evans,2019-10-10T02:38:04Z,0
This is art!,Sarah Jackson,2019-10-10T02:37:53Z,0
Queen of Halloween makeup videos ğŸ¤©,Villa xoxo,2019-10-10T02:37:40Z,0
You are so perfect omg ğŸ˜ğŸ˜ğŸ˜ğŸ˜ğŸ‘ğŸ»,Kassidy Candiano,2019-10-10T02:37:27Z,0
Literally best Halloween intros! I know that shit takes so much thought &amp; work! ğŸ”¥,Shelliae Music,2019-10-10T02:35:30Z,0
Oh my gosh!! I absolutely LOVE IT!!! â¤ï¸â¤ï¸â¤ï¸,Jessica Perez,2019-10-10T02:32:58Z,0
Loving the Anna Nicole vibes â¤,Lissy Velarde,2019-10-10T02:31:52Z,0
"Omg you went in at the end of the  video love the spunk in you nicole, always! ğŸ’—",Alia Jewelz,2019-10-10T02:31:38Z,0
ğŸ˜‚,Maria O,2019-10-10T02:30:44Z,0
You sure are talented. Love this look,catmama54,2019-10-10T02:29:47Z,0
You kill it every time Nicole!!! ğŸ˜ Love this look!,Aileen Esquivel,2019-10-10T02:28:55Z,0
You look hot!!!! Love it â¤ï¸,Mareline Santana,2019-10-10T02:27:21Z,0
This was so cute love the eye look.,Johari Gillespie,2019-10-10T02:27:16Z,0
Daenerys Targaryen vibes!!!!! Hope you do a look for her,Andrea C.,2019-10-10T02:26:44Z,2
My favorite Halloween look you have ever done!!!!!!,Andrea Adams,2019-10-10T02:25:32Z,0
I&#39;M LIVING FOR THIS LOOK â¤â¤â¤,Dafmarie Irizarry,2019-10-10T02:24:28Z,0
I love your Halloween vids!! Theyâ€™re always the best! ğŸ–¤,Erin Kathleen,2019-10-10T02:22:43Z,0
"Youâ€™re giving me some Christina Aguilera, Burlesque vibes! ğŸ’œ #143",Marissa Coronado,2019-10-10T02:22:24Z,0
"Loved this look, so hot ğŸ’•ğŸ’•ğŸ’•",makeupbykalyssa,2019-10-10T02:19:53Z,0
MOM IS PUMPIN OUT THESE LEWWWKS ğŸ¤¤ğŸ¤©ğŸ¥´,Sadie Jones,2019-10-10T02:19:26Z,1
Khaleesi vibes at the beginning of the video.,Vanessa Orozco,2019-10-10T02:18:49Z,0
Love this other side of you! Dark and glam videos ğŸ–¤ğŸ’œ,Vida Gallardo,2019-10-10T02:17:46Z,0
What do you do when your done you filmed and took pics and everything do you risk and wash the makeup off or do you chill in it for a bit? Have you ever gone out in theis Halloween looks?,Morales,2019-10-10T02:17:40Z,0
This love!!!,Chaunique Martinez,2019-10-10T02:16:55Z,0
YOU are what I look forward to every Halloween season ğŸ•·ğŸƒğŸ–¤ğŸ§¡,Sarah Alyssa,2019-10-10T02:16:23Z,0
Your makeup skills rock!! â¤ï¸â¤ï¸â¤ï¸â¤ï¸â¤ï¸,Bridget Bowman,2019-10-10T02:15:10Z,0
I really miss the vlogs I love mom sheâ€™s my fav YouTuber even tho she doesnâ€™t post as much anymore,tazzel10,2019-10-10T02:13:44Z,2
"tazzel10 imagine she uploads more often, she would have a bigger following. Sheâ€™s amazing. Sheâ€™s talented and I love her vibe.",Yahaira Miranda,2019-10-10T02:41:36Z,0
Seriously one of the best on YouTube (mua) love you!!,Jesery Hernandez,2019-10-10T02:13:32Z,0
Why did she reload this,tazzel10,2019-10-10T02:13:04Z,0
I have never been so obsessed with a look before! I love love love love this!!!!! xo,Corrina Cafarelli,2019-10-10T02:13:03Z,0
this music is so perfect &amp; jazzzy,Francesca Greco,2019-10-10T02:13:00Z,0
Loved it!â¤ï¸,Tani,2019-10-10T02:12:34Z,0
Girl you are killing it love it,Davila Family Vlogs,2019-10-10T02:12:17Z,0
Bruhhh She is NOT coming to playyy this year !! Nicole is servingggg these Halloween looksss â™¥ï¸â™¥ï¸â™¥ï¸â™¥ï¸ KILLLINNN IT !!! ğŸ”¥ğŸ”¥<br /><br />Loving each look and the editing is just ğŸ‘ŒğŸ½ğŸ‘ŒğŸ½ğŸ‘ŒğŸ½ğŸ‘ŒğŸ½ğŸ‘ŒğŸ½ğŸ‘ŒğŸ½ğŸ‘ŒğŸ½ğŸ‘ŒğŸ½ğŸ‘ŒğŸ½ğŸ‘ŒğŸ½ğŸ‘ŒğŸ½ğŸ‘ŒğŸ½ğŸ‘ŒğŸ½ğŸ‘ŒğŸ½ğŸ‘ŒğŸ½ğŸ‘ŒğŸ½ğŸ‘ŒğŸ½ğŸ‘ŒğŸ½ğŸ‘ŒğŸ½ğŸ‘ŒğŸ½ğŸ‘ŒğŸ½ğŸ‘ŒğŸ½ğŸ‘ŒğŸ½ğŸ‘ŒğŸ½ğŸ‘ŒğŸ½ğŸ‘ŒğŸ½ğŸ‘ŒğŸ½ğŸ‘ŒğŸ½ğŸ‘ŒğŸ½,Livin' La Vida Lora,2019-10-10T02:11:56Z,31
My favorite era on my favorite person âœ¨âœ¨,MissJaceQ,2019-10-10T02:11:12Z,0
QUEEN of Halloween !,Christina K.,2019-10-10T02:10:36Z,0
Iâ€™m all here for the Halloween videos ğŸ™ŒğŸ»ğŸ™ŒğŸ»ğŸ™ŒğŸ»,stephaniee martinez,2019-10-10T02:07:54Z,0
YASSS QUEEN! GIVEğŸ‘ IT ğŸ‘TOğŸ‘ MEğŸ‘ â¤ğŸ’œğŸ’™ğŸ’šğŸ’›,Oddly Aquarian,2019-10-10T02:07:45Z,0
"Omg this is amazing!!! Definitely one of my favorite looks you have done, although Iâ€™m obsessed with every look you do ğŸ˜ğŸ˜",Ashleighâ€™s Life,2019-10-10T02:07:40Z,0
&amp; she does it once again ğŸ‘ğŸ¼ <br />I Live For Your Halloween Videos â™¥ï¸ <br />The Best âœ¨,Lesleey G,2019-10-10T02:07:22Z,0
What you talking about wear on Halloween? B$@%# tf?! I&#39;m gonna wear this out out! ğŸ˜‰,ClovisSassyGirl88101,2019-10-10T02:07:21Z,0
So stunning dahling loved it so much ğŸ’–,BeautybyJessiMarie,2019-10-10T02:06:34Z,0
Longer videos nicoleeee!! 8 mins of Nicole time isnâ€™t enough! Lol,HANNAHLIKEOMG,2019-10-10T02:04:51Z,0
Just finished watching cable girls and I see this ğŸ˜ğŸ˜ğŸ˜ğŸ˜ğŸ˜ğŸ˜,Oriana Olivares,2019-10-10T02:04:28Z,0
Love it âœ¨âœ¨âœ¨âœ¨â¤ï¸,Lillybeth Ramos,2019-10-10T02:03:56Z,0
I Love it and like always You did an outstanding Job.,Jenn Rush,2019-10-10T02:03:41Z,0
Drag vibes love it... you are a badass baby.,Anita Vives,2019-10-10T02:03:08Z,0
queen back at it again and i swear you did the simplest things and baaaammm glllaaammooorrrr mademoiselle,Ankita Chhabra,2019-10-10T02:02:54Z,0
How many times I&#39;m I gonna be watching Nicole videos over n over ğŸ¤”ğŸ¤” she&#39;s goooood!!! Love u!!,Wendy Trevino,2019-10-10T02:02:47Z,0
I love watching Nicole in her element! I just LIVE for these damn looks!,Allis Peguero,2019-10-10T02:02:02Z,1
Nicole you did an amazing job i love it!â¤ï¸,Christine Michelle,2019-10-10T02:00:08Z,0
"Nicole, thank you for putting out these super creative Halloween looks! Would you ever consider creating a Halloween look for or with the Bean? Lots of love to you and your family &lt;3",Angelica Madrid,2019-10-10T01:59:19Z,0
Do a wig video,Yesenia Ramos,2019-10-10T01:58:03Z,0
Show us yr wigs Nicole,Yesenia Ramos,2019-10-10T01:58:30Z,0
I am really loving your Halloween tutorials this year!!! you are the only YouTuber doing them right now that I&#39;m subscribed to,NECRO LOVE,2019-10-10T01:56:40Z,0
Nicole!!!! You have been slaying this Halloween season!!!!! Iâ€™m loving itttttt â¤ï¸â¤ï¸â¤ï¸â¤ï¸â¤ï¸â¤ï¸,Emily Espin,2019-10-10T01:56:35Z,0
we LOVE u OG- that white tee and body makeup  though..... u brave!,DaZzDiva,2019-10-10T01:56:28Z,0
"Girl you are so damn creative! I love this look on you! It&#39;s so fun, I&#39;m curious though, after filming this did you go dancing around the house?",abcrag abc,2019-10-10T01:56:23Z,0
ğŸ’œ,Karla Lopez,2019-10-10T01:56:03Z,0
Forever my fav youtuber ğŸ’•,Amy Coria,2019-10-10T01:55:10Z,0
You are definitely the halloween look queen ğŸ˜ This is STUNNIN HUNTY YAAS !,Annatella Jones,2019-10-10T01:54:48Z,0
"This is the shit i look forward to all year, another beautiful one Nicole!",Kaylee Johnson,2019-10-10T01:54:17Z,0
Obsessed. ! ğŸ™ŒğŸ½ğŸ”¥,Kat,2019-10-10T01:54:08Z,0
Love how your uploading so frequently Halloween Videos! Keep the Inspiration coming Queen! ğŸ˜ğŸ˜ğŸ˜ğŸ’š,Yadira Lozano,2019-10-10T01:53:22Z,0
ğŸ‘ğŸ¾ğŸ‘ğŸ¾ğŸ‘ğŸ¾ğŸ‘ğŸ¾ğŸ‘ğŸ¾ğŸ‘ğŸ¾ğŸ‘ğŸ¾ğŸ‘ğŸ¾ you did that showgirl justice. GREAT JOB NICOLE,Cake Supply_Lady,2019-10-10T01:52:29Z,0
Burlesque vibes ğŸ˜,Lizbeth Rendon,2019-10-10T01:52:03Z,0
Hola ğŸ‘‹ğŸ»,Jessica Na,2019-10-10T01:51:57Z,0
You look like Cher before the head piece came on.,Jonnette Jones,2019-10-10T01:51:25Z,0
LOVEEEDDD IT !! I was sooo ready the first time u upload clicked my notification way to fast and ran to my room n then it said error Iâ€™m like MUUUUMMM PLAYED ME ğŸ¤£ but yay itâ€™s back hehe enjoyed watching it looking for inspo myself hehe thank you !,Veronica M,2019-10-10T01:50:46Z,0
who else couldn&#39;t stop dancing to the background music LOL,Ya fav Newyorkian,2019-10-10T01:50:45Z,87
ğŸ™‹ğŸ½â€â™€ï¸,Tonia's Reviews,2019-10-10T04:07:55Z,2
OKAY NICOLE I SEE YOU COMING STRONGER THIS YEAR WITH HALLOWEEN LOOKS ! Get it ğŸ¥°â™¥ï¸,Ana Garcia,2019-10-10T01:50:44Z,1
One word TALENTED!,Brems Laparra,2019-10-10T01:50:33Z,0
Such an artist.. woow,reem reem,2019-10-10T01:49:58Z,0
AMAZING!! LOVE U,pyek,2019-10-10T01:49:36Z,0
Omg i love this idea,ala z,2019-10-10T01:48:54Z,0
YOUR KILLING IT THIS YEAR WITH HALLOWEEN VIDEOS!! ğŸ˜ğŸ˜,Jennifer Padilla,2019-10-10T01:48:48Z,0
THE INTRO IS EVERYTHING YES NICOLE,Hayley Munn,2019-10-10T01:48:24Z,85
You totally pulled this off I could never ğŸ˜‚â¤ï¸,Imaley R,2019-10-10T01:47:54Z,2
I AM IN LOOOVE IT GOT ME IN SUCH A HAPPY MOOD! ğŸ˜­â¤ï¸,Crissel C-Gonzalez,2019-10-10T01:47:43Z,0
I low-key thought the shadow was guna be green.. but black and white still looks good! One of my favorite looks so far,Mona Christensen,2019-10-10T01:47:38Z,0
I thought this was PatrickStarâ€™s video,J.,2019-10-10T01:47:01Z,1
Do I wana be a show girl? <br />NO ğŸ˜‚<br />I&#39;m just here to watch nicole do what she does best.... Be creative and have fun! Cause it&#39;s not october if I&#39;m not watching all of her haloween videos ğŸƒğŸ’•ğŸ¤—,Evalina Arenivaz,2019-10-10T01:46:19Z,0
This totally gave me Patrick Star vibes,Larissa Carneiro,2019-10-10T01:46:18Z,0
I&#39;m getting a &quot;Snow Queen&quot; vibe.,Melissa,2019-10-10T01:46:08Z,5
Q U E E N ğŸ’âœ¨,Little Miss Esme,2019-10-10T01:45:08Z,0
Turn it out girl!!! Love how you edit the video so the music syncs with your moves!!! Love ya girl!!!,Stephanie Deaton,2019-10-10T01:45:01Z,0
I have some Halloween makeup videos in my channel too <br />Iâ€™m new on YouTube ğŸ’œ <br />Show some love,Lizeth Mar,2019-10-10T01:44:49Z,0
Love this!!!! ğŸ˜ğŸ˜ğŸ˜,Christian Rivera,2019-10-10T01:44:25Z,0
You did an amazing job on this showgirl look!! Loveeeee.,Brooke D,2019-10-10T01:43:57Z,0
Guuuurrrllllll!!!! You got your Halloween Mojo backğŸ˜ Get it NicğŸ¥°ğŸ˜˜ <br />#143ğŸ’œ,Esthella Marie Mrs. Cardenas,2019-10-10T01:43:36Z,0
"Giving me Madeline Ashton in Songbird vibes, and I love it! I love your Halloween videos!",BeautyWithEvie,2019-10-10T01:43:06Z,0
"Game of throne vibes before you put on your make <a href=""http://up.you/"">up.You</a> look amazing in that blonde wig ğŸ˜",Elizabeth Carrillo,2019-10-10T01:40:47Z,0
You look so good in blonde!ğŸ˜ğŸ˜,Yanelly De Anda,2019-10-10T01:40:40Z,0
You literally come alive in your haloween videos!!! This was sooo beautiful ğŸ˜ğŸ˜ğŸ˜ğŸ˜ Can&#39;t wait for the next look ğŸ˜,BeautyByPÃ¡sh,2019-10-10T01:40:34Z,0
"I love this look, if I do this Iâ€™m going to add a mole/ beauty mark to my face I think it would look great lol",Kristina Camacho,2019-10-10T01:40:18Z,4
Nicole is the reason I got into makeup like 10-11 years ago ğŸ™ŒğŸ¼ she does no wrong,WestCoast,2019-10-10T01:39:57Z,2
The queen of halloween!!!!! Never disappoint ğŸ˜ğŸ˜˜,Gabriela Cabello,2019-10-10T01:39:52Z,0
So pretty,Kari B,2019-10-10T01:39:28Z,0
I look forward to your Halloween vids all year! Love ittt! ğŸ˜ you should do some sfx looks! ğŸ”¥,Brittney Haight,2019-10-10T01:39:21Z,0
Yasssssssss,Yesenia Garcia,2019-10-10T01:38:58Z,0
Nicole you are seriously killing it with all these Halloween looks! Your videos get me pumped for Halloween even tho I have no plans yet ğŸ˜‚,angienav,2019-10-10T01:38:38Z,0
Gorgeous!! I love it!!ğŸ˜ğŸ˜,Victoria Ojeda,2019-10-10T01:38:19Z,0
Killed it!! You should be so proud of this video!!,Ivanka Cuenca,2019-10-10T01:38:12Z,0
Yaaaaassssssssss Queen of Halloween. Honey I turned of Basketball Wives for this!!!,Peggy Young,2019-10-10T01:38:11Z,0
You look like Khaleessi in the beginning â¤ï¸,Katia PeÃ±a,2019-10-10T01:37:41Z,2
You areeeeeeee the best!!!! oG and still killing it!!!!!!!!!,Honey Bee,2019-10-10T01:37:06Z,0
Sheâ€™s such an artist. Love it.,Denielle Alexander,2019-10-10T01:37:05Z,48
That wig was be perfect for the dragon Mother from Game of Thrones.,Hunnybunny720923,2019-10-10T01:36:44Z,12
I love your nailsğŸ˜©ğŸ˜©ğŸ˜©,DB,2019-10-10T01:36:18Z,0
Youâ€™re soooo freakin amazing!!,Sara Fierro,2019-10-10T01:36:07Z,0
You are simple the bestğŸ˜ğŸ˜ğŸ˜ğŸ˜,Daisy Ruiz,2019-10-10T01:35:53Z,0
10000000% appreciate your hard work into finding the right music for your videos. They make each video perfect. 143 â¤,Silvia Lazaro,2019-10-10T01:35:47Z,0
Yes â¤â¤â¤â¤â¤â¤,Louisa Muro,2019-10-10T01:35:46Z,0
Luv luv luv it always giving youâ€™re all and Iâ€™m here for it ğŸ¥°ğŸ’•â¤ï¸,Carlos Duque,2019-10-10T01:34:39Z,0
Love this! So gorgeous!,Kim Lauren,2019-10-10T01:33:34Z,0
Omg I&#39;m so obsessed with this look.ğŸ˜ğŸ˜ğŸ˜ğŸ˜ğŸ˜ğŸ˜,Angela Marie,2019-10-10T01:33:00Z,0
You are KILLINâ€™ IT this year! (as always!) â™¥ï¸,maegan morales,2019-10-10T01:32:42Z,0
I need to know what music you played when you were dancing in the intro to get you into this mood,Emily R,2019-10-10T01:32:25Z,0
Everyone looks forward to spooky movies in October but who else liiiives for her halloween looks??<br /><br />#143 <br />ğŸ˜â¤ï¸,Dvisha,2019-10-10T01:32:18Z,2
Yay saludos!!!!! Bella â¤ï¸â¤ï¸â¤ï¸â¤ï¸â¤ï¸,Wake Coco,2019-10-10T01:32:08Z,0
Yes I love itğŸ”¥ğŸ˜ğŸ˜ğŸ’–,Anabel Campos,2019-10-10T01:31:22Z,0
Girllllll loving all these halloween looks!! You are so amazing please keep them coming! You legit make everyones day a little better when you upload! Thanks for being so amazing!,M B,2019-10-10T01:31:13Z,0
Just do costume makeup all year round. We wonâ€™t mind â¤ï¸â¤ï¸,Adoline,2019-10-10T01:31:08Z,569
Someone knows where I can get not too pricey makeup products?,Deangelo Duncan,2021-03-08T17:10:00Z,0
Please please please!!!,niki Avila,2019-10-11T16:51:39Z,0
Agreeed!,Roman.Beautyy,2019-10-11T01:38:04Z,0
Yes!! I second that!!,Kimi Cakes,2019-10-10T23:25:20Z,0
I totally agree :),Aarin Garcia,2019-10-10T13:59:45Z,2
It&#39;s my favorite time of year! You kill every look you do! Thank you for doing this every year 143 ğŸ–¤,Tanya Hayes,2019-10-10T01:31:03Z,0
You are the queen of transformations!,Merrily Mari,2019-10-10T01:30:48Z,0
I love this!! âœ¨ Keep emâ€™ cominâ€™ ma!,Danielle Clemons,2019-10-10T01:30:47Z,0
Love it! So freaking talented! I love Halloween time ğŸƒğŸ˜,Maria Rojas,2019-10-10T01:29:44Z,0
Okay so we need a wig tutorial,brianna wilson,2019-10-10T01:29:34Z,0
Yessss Nicole! ğŸ‘ğŸ¼ Love your Halloween videos!!,Jessica Cruz,2019-10-10T01:29:13Z,0
I don&#39;t know if yall know but you gave me niurka marcos vibes lol ğŸ˜†,Viviann S,2019-10-10T01:29:03Z,0
Legit I look forward to all your Halloween looks yearly ğŸ‘ŒğŸ½ğŸ™ŒğŸ½,AntoniettaNacc,2019-10-10T01:28:46Z,1
with you just in the wig with no makeup you looked just like daenerys,victoria casillas,2019-10-10T01:28:35Z,0
I live for your intros and outros Halloween season ğŸ¥°ğŸ˜ğŸ˜,Mary Mae,2019-10-10T01:28:25Z,1
Omg I love you &amp; all your looks I hope to run into you one day  from the tampa area,Amy Lynn,2019-10-10T01:28:24Z,0
WOO what a breath of fresh air you are Mom 143143143,Holly,2019-10-10T01:28:13Z,0
Loveeee your hallowen videos soooo much!!!! Uggghhhh and your intros are EVERYTHING ğŸ™ŒğŸ¼ğŸ˜,Dayna Torres,2019-10-10T01:28:13Z,0
This turned out so amazing! ğŸ˜,Katie March,2019-10-10T01:28:08Z,1
BOMB ! ğŸ”¥ğŸ‘Œ,Stephanie Rivera,2019-10-10T01:28:01Z,1
I always look forward to your Halloween looks Iâ€™ve been following you for ever,Paige,2019-10-10T01:27:59Z,28
ğŸ˜ŠğŸ˜ŠğŸ˜,His and Hers,2019-10-10T01:27:57Z,0
Love it! ğŸ˜ğŸ”¥ğŸ”¥ğŸ”¥ğŸ”¥,Borrinquena,2019-10-10T01:27:54Z,1
I personally don&#39;t celebrate Halloween but I always watch your Halloween videos.  Xoxo 143,ReyesFam,2019-10-10T01:27:47Z,0
ğŸ’•,Diana Flores,2019-10-10T01:27:37Z,1
I love how you do so many Halloween looks ğŸ–¤,tunnelsunshine,2019-10-10T01:27:26Z,3
Love the VA VA VOOMğŸ’•,Sessa Salazar,2019-10-10T01:27:23Z,1
Yasss!!!! ğŸ’–ğŸ’–ğŸ’–ğŸ’– never dissapoints always the best videos ğŸ˜ğŸ˜ğŸ˜ğŸ˜,Lilibeth Estrada,2019-10-10T01:27:17Z,1
as always QUEEN of HALLOWEEN,kloekat62,2019-10-10T01:27:14Z,2
Yes ma&#39;am! ğŸ‘ğŸ½ğŸ‘ğŸ½ğŸ‘ğŸ½,Tiana Dwane,2019-10-10T01:26:38Z,0
You are too gorgeous ğŸ˜˜loving these looks!,Ashley Swoffer,2019-10-10T01:26:33Z,0
"Iâ€™m getting Showgirl, Ursula from Little Mermaid, Khaleesi realness vibes and Iâ€™m HERE ğŸ‘ğŸ½ FOR ğŸ‘ğŸ½ IT  ğŸ‘ğŸ½!!!",PressedForCurls,2019-10-10T01:26:19Z,158
she does have an ursula video,Liz May,2019-10-11T04:24:26Z,0
But some yotubers make up is the same for they&#39;re natural look  ğŸ™ŠğŸ˜‚,Nancy Rodriguez,2019-10-10T01:26:09Z,0
"And I oop..,",Nicole Guerriero,2019-10-10T01:27:13Z,1
"I always look forward to your Halloween videos ğŸƒ ğŸ‘» ğŸ•· ğŸ§¡ <br />Iâ€™ve been a subscriber for so long &amp; finally decided to make a channel, my first Halloween video is going up this week, more support is welcomed ğŸ’•",Natalya !,2019-10-10T01:25:35Z,0
For sure wearing this to the club!!,Maria Martinez,2019-10-10T01:24:31Z,1
You look gorgeous nicole! Love the lookâ¤,Yuridia Ibarra,2019-10-10T01:24:09Z,0
Your killing the Halloween looks as alwaysss!! â¤â¤â¤,Jackie,2019-10-10T01:23:59Z,0
My Great Great Grandma was a Showgirl. This was so cool to watch<br />ğŸ’ğŸ’ğŸ’ğŸŒ¹ğŸ¤©ğŸ¤©ğŸŒ¹ğŸ’ğŸ’ğŸ’,Angelique _,2019-10-10T01:23:45Z,0
â™¥ï¸â™¥ï¸â™¥ï¸Let me just say your Halloween makeup videos are soooo appreciated â™¥ï¸â™¥ï¸â™¥ï¸,Adriana Roses,2019-10-10T01:23:24Z,0
Iâ€™m here for it. Gave it a like before watching..always â¤ï¸ ğŸ˜˜,April Ann,2019-10-10T01:23:08Z,31
Same! ğŸ˜‚,Paige Mackett,2019-10-10T01:59:56Z,0
same,DaZzDiva,2019-10-10T01:55:24Z,0
Anyone else terrified about that white tee and foundation. I could never ğŸ˜‚ğŸ˜‚,Meagan Gore,2019-10-10T01:23:04Z,154
girl yes. I never understood until I put on a white turtle neck on in the morning for work then I had to quickly look for a black one :/ after my neck was brown LMAO I thought I could do it,iloveYouhSike,2019-10-10T02:00:41Z,1
Love your vids just wish they were longer,Aleesha Messina,2019-10-10T01:22:44Z,0
"Love this , love you ğŸ’•",Littleskyye,2019-10-10T01:22:43Z,1
YESSS MAAAAAAHM ğŸ’•ğŸ’•,Lanie Daniels,2019-10-10T01:22:35Z,0
3 mins and over 1000 views wow! I wanna be like youâ¤ï¸â¤ï¸,Valerie Ramirez,2019-10-10T01:22:26Z,0
I love your videos. You are the very first YouTuber Iâ€™ve ever watched. I was looking for diyâ€™s for red hair and yours popped up. And Iâ€™ve been hooked ever since.,Kathy Coleman,2019-10-10T01:22:18Z,0
â¤â¤â¤â¤â¤â¤,Princess Nikki,2019-10-10T01:22:17Z,1
Love u Nicole â¤ï¸â¤ï¸â¤ï¸,Monica Jimenez,2019-10-10T01:22:04Z,0
Loveeee !!!! â¤ï¸â¤ï¸â¤ï¸ girl youâ€™re so talented !,Charlotte Killgallon,2019-10-10T01:22:04Z,1
"I left a comment on The deleted video , but again i want to let you know that youâ€™re the best i love your creative ideas and originality! You are the OG makeup guru and you stay in your lane without the drama â¤ï¸",Aileen Gonzales,2019-10-10T01:21:54Z,1
Had a dream you were pregnant ! Thanks for sharing another amazing look ğŸ¤—,GretchGerty,2019-10-10T01:21:54Z,1
We appreciate you for knowing that not everyone wants to be scary spooky. You love us ğŸ˜­ we love you ğŸ˜˜1ï¸âƒ£4ï¸âƒ£3ï¸âƒ£,Hello Jesska,2019-10-10T01:21:47Z,0
OMMMMGGGGG NICOLE READ MY COMMENT ğŸ˜­ going to live off this moment for a while ğŸ˜‚ğŸ˜,Hello Jesska,2019-10-10T01:29:33Z,0
I APPRECIATE YOUR CRAFT SO MUCH AND YOUR CONSISTENCY. THANK YOU!,Diahnet Santos,2019-10-10T01:21:38Z,264
Yeiii!! Being loving your creativity with the Halloween!!!! Love youu so muchh,Veronica Schurmann,2019-10-10T01:21:31Z,0
Yes show girl is my favorite movie I like when she beats that rock star for hurting her friend,Tiana Rivera,2019-10-10T01:21:27Z,2
These halloween looks get more and more amazing every year! Love you girl!,Annie Gawroniak,2019-10-10T01:21:22Z,1
OMG pls do a Marilyn Monroe tutorial ğŸ˜­ğŸ˜,Gisselle Alicea,2019-10-10T01:21:06Z,0
I just love you!! Work hunny!!,India Anderson,2019-10-10T01:21:03Z,1
GORGEOUS!,Kim Basciano,2019-10-10T01:20:54Z,1
"I absolutely love this, i donâ€™t know why (to me) this look, looks like it was super fun to film, love it ğŸ’œğŸ’œğŸ’œğŸ’œ",Mrs Gansowski,2019-10-10T01:20:52Z,15
Iâ€™m blown away with every look! ğŸ¤©â™¥ï¸ youâ€™re amazing!!,Vanessa Tullos,2019-10-10T01:20:46Z,2
In the beginning after the intro you look like that dragon girl everyone was obsessed with,The Mexican Mommy,2019-10-10T01:20:45Z,168
Lmao dragon girl,fashionluvr15,2019-10-11T16:48:04Z,0
The Mexican Mommy Adriana Sanchez oh lol I thought you meant on YouTube ğŸ˜‚ğŸ˜‚,Sammy_ 0880,2019-10-10T14:05:29Z,0
Not at all lmao,Maddalena p,2019-10-10T13:41:03Z,0
"Her name is Daenerys Targaryen played by Emilia Clark. Khaleesi is a title given to the wife of a Dothraki warlord in the universe of the George R. R. Martin&#39;s series A Song of Ice and Fire, popularly known as Game of Thrones after the name of the first book in the series and the television adaptation. It is roughly equivalent to â€œqueen.â€",zoramystic2ify,2019-10-10T08:33:04Z,1
<b>*</b> is <br />..... IS obsessed with ğŸ˜Š,chunkylover7005,2019-10-10T04:15:59Z,1
Omg love it!!! youâ€™re killin halloween!,Kim Basciano,2019-10-10T01:20:32Z,1
ğŸ’›ğŸ’›ğŸ’›,The Brutally Honest Beauty,2019-10-10T01:20:26Z,0
Second timeâ€™s a charm! ğŸ¥°,Willa Morton,2019-10-10T01:20:22Z,2
Love it ğŸ˜ I,AYYCARLITOS,2019-10-10T01:20:19Z,1
Omg I wish you did a video everyday in the month of October! Haha,Rollinâ€™ in the Makeup!,2019-10-10T01:20:15Z,1
"Can you also do a video of the process of you taking off the makeup for these crazy Halloween video, like vlog style, yassss",Gisselle Alicea,2019-10-10T01:20:14Z,1
"You&#39;re the only one doing Halloween makeup vids and I just have to say I appreciate it so much!!!! I&#39;m so let down that none of my faves are doing this, this year. But I love ya!!",Erica Espi,2019-10-10T01:20:14Z,514
"Chrisspy, Alex Faction, Shaanxo...",bluejeanbaby871,2019-10-16T04:28:29Z,0
"@lo.erika25 regardless of how many IT tuts you&#39;ve seen, she said nobody else is uploading Halloween vids. Others are. I only named a couple but everyone has started Halloween makeup pretty much. IG too, everyone&#39;s uploading their little lives. â˜º",Jenny Rebecca,2019-10-11T14:56:40Z,0
@Jenny Rebecca is sondradeluxe uploading anywhere elsenaside youtube because i only see 1 Halloween tutorial and ive seen like a million it one&#39;s.  Her makeup is bomb though,lo.erika25,2019-10-11T09:20:24Z,0
Do you follow chrispy or sondradelux? Cuz they&#39;re doing Halloween stuff too. ğŸ¤·ğŸ¼â€â™€ï¸,Jenny Rebecca,2019-10-11T03:50:51Z,1
Chrisspy always does great Halloween looks she&#39;s done 2. But yeah Nicole always kills it!!,Mandy Trout,2019-10-11T01:20:48Z,0
Itâ€™s that time of yearrr!!! As a long time subscriber it always makes me so happy to see how excited Nicole gets for Halloween time! â¤ï¸â¤ï¸,Average Barista,2019-10-10T01:20:02Z,0
Girl you are killing it ğŸ˜˜,Nancy Rodriguez,2019-10-10T01:20:00Z,0
Girl ğŸ˜ŠğŸ’– you playing with us,PATRICIA P.,2019-10-10T01:19:59Z,0
YAASSSS 2ND TIME&#39;S A CHARM. I AM HERE AND I AM REAAADDDDYYYYYY!!!!!!,Alexis Philips,2019-10-10T01:19:52Z,0
Yes baby I&#39;m here for it,Shawny Johnson,2019-10-10T01:19:50Z,1
I love you Nicole!!! Your my Favorite!!,Byanca Miranda,2019-10-10T01:19:49Z,1
40 likes and 0 views<br />Yup YouTube is on crack again,The Mexican Mommy,2019-10-10T01:19:48Z,1
"The choreography along with the <a href=""http://www.youtube.com/results?search_query=%23SLAY"">#SLAY</a>!!!!!!!! yesssssssss!!! I&#39;m HERE for this!",tastePINK,2019-10-10T01:19:42Z,50
I always like it before I watch it!!!!! â™¥ï¸ğŸ™ŒğŸ¼,Connie Betanzo,2019-10-10T01:19:41Z,2
Same here ğŸ’–,PATRICIA P.,2019-10-10T01:20:51Z,1
Yessss,Sara MarieC,2019-10-10T01:19:40Z,0
Killing it!!!! ğŸ˜ğŸ§¡ğŸ–¤ğŸ§¡ğŸ–¤,Star Ismalej,2019-10-10T01:19:39Z,1
Love uuuuu,lizeth hernandez,2019-10-10T01:19:36Z,0
Yess nicole you go girlâ¤ï¸â¤ï¸ğŸ‘»â¤ï¸â¤ï¸,Emily Raposo,2019-10-10T01:19:36Z,2
YEEEEESSSSSSSS MAâ€™AM OMG ğŸ˜,Hello Jesska,2019-10-10T01:19:35Z,1
143!!!,stephanie Fives,2019-10-10T01:19:34Z,0
Yes.. Iâ€™ll watch the queenâ€™s video all over again ğŸ’œ,Stacy Gonzalez Ruiz,2019-10-10T01:19:33Z,14
Nicole I love you ğŸ¥°ğŸ’˜,Monica MuÃ±oz,2019-10-10T01:19:33Z,0
"First , for  the first time! I just love your creativityğŸ˜ best YouTuber for Halloween tutorials",Carolina Garcia,2019-10-10T01:19:31Z,0
"Yes girl, letâ€™s do this again!!!!<br />Came out sick!!<br />Mad love chick1ï¸âƒ£4ï¸âƒ£3ï¸âƒ£",Jessica Boone,2019-10-10T01:19:31Z,0
ğŸ¤©ğŸ¤©ğŸ¤©,Almita Morenita,2019-10-10T01:19:30Z,0
I was anxiously waiting for the reupload. Love this so cute â™¥ï¸. 143 ğŸ‘‘,Celia Moran,2019-10-10T01:19:30Z,0
Donâ€™t mind watch it for a second time ğŸ˜˜ğŸ˜ğŸ˜ğŸ˜,Reyna Alferez,2019-10-10T01:19:29Z,0
ğŸ˜ğŸ˜ğŸ˜ğŸ˜ğŸ˜ğŸ˜ğŸ˜,Heidyliz Gonzalez,2019-10-10T01:19:29Z,0
Let me the first ğŸ‘ğŸ½ğŸ‘ğŸ½ğŸ‘ğŸ½ğŸ‘ğŸ½ğŸ‘ğŸ½ğŸ‘ğŸ½ğŸ‡¨ğŸ‡¦ğŸ‡¬ğŸ‡¹ğŸ˜˜,Alma Mercer,2019-10-10T01:19:27Z,0
YASSSS THE QUEEN CAME TO SLAYY ğŸ™ğŸ¼ğŸ™ğŸ¼,daniela Oro,2019-10-10T01:19:26Z,1
That&#39;s right! You better reupload this video!!,Megan Q,2019-10-10T01:19:24Z,0
Mommm!!ğŸ¥°ğŸ˜ I love all of it and you too! Xoxo,Amanda,2019-10-10T01:19:23Z,1
Here for the second upload ğŸ‘ğŸ¾ğŸ˜ğŸ‘€ğŸ™ŒğŸ¾,BeautyAndFaith,2019-10-10T01:19:16Z,3
â¤ï¸â¤ï¸â¤ï¸,Ashley Hanks,2019-10-10T01:19:16Z,1
Love you â¤ï¸,Yajaira Garcia,2019-10-10T01:19:16Z,1
hiii mom,Angelica Notis,2019-10-10T01:19:14Z,0
You make my day Every time you upload â¤ï¸,znc,2019-10-10T01:19:13Z,1
Queen of Halloween videos!!!! ğŸƒğŸƒğŸƒğŸƒ,Gisselle Alicea,2019-10-10T01:19:13Z,0
Love you ğŸ˜ğŸ‘ğŸ»,Charleen Garcia,2019-10-10T01:19:12Z,1
"I love coming and just watching the talent and creativity that you have, I could never do any of this. But the artistry is just ğŸ‘ğŸ½ğŸ‘ğŸ½ğŸ‘ğŸ½ğŸ‘ğŸ½",Kiana Zuk,2019-10-10T01:19:10Z,39
Queen of Halloween â¤ï¸â¤ï¸,makeupbylulz,2019-10-10T01:19:08Z,1
Love it finally the earliest one,ashleyclayton49,2019-10-10T01:19:06Z,0
ğŸ’™ğŸ’™ğŸ’™,Ashley Grove,2019-10-10T01:19:05Z,0
You are in the zoneâ™¥ï¸,kristen whitehead,2019-10-10T01:19:05Z,1
Yess!!! ğŸ˜ğŸ˜ğŸ˜ğŸ˜,ingrid lara,2019-10-10T01:19:05Z,2
Hello from Washington â¤ï¸,Mariah May,2019-10-10T01:19:04Z,0
Love this!!! Brings me back in time!! â¤ï¸,Meagan Gore,2019-10-10T01:19:04Z,1
Yaasss quueennnn,NiqueMUA,2019-10-10T01:19:04Z,0
These Halloween videos make me so happyğŸ˜­,Caitlyn Marie,2019-10-10T01:19:04Z,1
ğŸ’™ğŸ’™,Mallory Brown,2019-10-10T01:19:04Z,1
LIVING ğŸ˜ğŸ˜ğŸ˜,Denise Verduzco,2019-10-10T01:19:03Z,1
Queen of Halloween ğŸ§¡ğŸƒ,deja mciver,2019-10-10T01:19:02Z,0
Gorgeous!,Kimberly B,2019-10-10T01:19:01Z,2
I just love you,Jackie McManus,2019-10-10T01:19:00Z,0
â¤ï¸â¤ï¸â¤ï¸,Lily D,2019-10-10T01:19:00Z,1
FirstğŸ’›,itscass,2019-10-10T01:18:59Z,0
ğŸ¥°,Jacqueline Rico,2019-10-10T01:18:55Z,0
Love you first to comment yay ğŸ’—ğŸ’—,Claribel Bustos,2019-10-10T01:18:55Z,0
Yay,Carolina Garcia,2019-10-10T01:18:54Z,0
